Sorszám;Név;Kapcsolat;Jegy;Fő;Összeg (Ft);Státusz;Kérés ideje;Belépés ideje;Meghívó
HB-JJLC;Anna;;1× Vendéglista;1;0;Bent;2026-09-06 13:00;2026-09-07 00:17;
HB-HBJH;Bálint;;1× Vendéglista;1;0;Bent;2026-09-06 13:37;2026-09-07 00:26;
HB-INY5;Csenge;;2× Vendéglista;2;0;Bent;2026-09-06 14:14;2026-09-07 00:35;
HB-HP1E;Dani;;1× Késői belépő 23:30 után;1;2000;Bent;2026-09-06 14:51;2026-09-07 00:44;
HB-KIUU;Emese;;1× Vendéglista;1;0;Bent;2026-09-06 15:28;2026-09-07 00:53;
HB-TAVC;Feri;;1× Vendéglista;1;0;Bent;2026-09-06 16:05;2026-09-07 01:02;
HB-KD6P;Gréta;;1× Vendéglista;1;0;Bent;2026-09-06 16:42;2026-09-07 01:11;
HB-WRG5;Hanna;;1× Vendéglista;1;0;Megyek;2026-09-06 17:19;;
HB-MW7W;Iván;;1× Késői belépő 23:30 után;1;2000;Megyek;2026-09-06 17:56;;
HB-VZ77;Juli;;2× Vendéglista;2;0;Megyek;2026-09-06 18:33;;
HB-O7YM;Kristóf;;1× Vendéglista;1;0;Megyek;2026-09-06 19:10;;
HB-VOEM;Lilla;;1× Vendéglista;1;0;Megyek;2026-09-06 19:47;;
HB-4L7W;Máté;;1× Vendéglista;1;0;Megyek;2026-09-06 20:24;;
HB-GJJC;Nóri;;1× Késői belépő 23:30 után;1;2000;Megyek;2026-09-06 21:01;;Dani
HB-VDMF;Olivér;;1× Vendéglista;1;0;Megyek;2026-09-06 21:38;;Emese
HB-MCQR;Petra;;1× Vendéglista;1;0;Megyek;2026-09-06 22:15;;Anna
HB-X1IC;Réka;;2× Vendéglista;2;0;Megyek;2026-09-06 22:52;;Bálint
HB-PWSM;Soma;;1× Vendéglista;1;0;Megyek;2026-09-06 23:29;;Csenge
HB-WM3M;Tímea;;1× Késői belépő 23:30 után;1;2000;Megyek;2026-09-07 00:06;;Dani
HB-RBJW;Vince;;1× Vendéglista;1;0;Megyek;2026-09-07 00:43;;Emese
